title,link
Indoor Home Repair,https://homerepairforum.com/forum/indoor-home-repair
Appliances,https://homerepairforum.com/forum/indoor-home-repair/appliances
Adapter for Shop Air-to-Manifold Gauges,https://homerepairforum.com/forum/indoor-home-repair/appliances/100449-adapter-for-shop-air-to-manifold-gauges?p=101243#post101243
Audio & Video,https://homerepairforum.com/forum/indoor-home-repair/audio-video
Top Drawing Pencil Brands Every Artist Should Know,https://homerepairforum.com/forum/indoor-home-repair/audio-video/101230-top-drawing-pencil-brands-every-artist-should-know#post101230
Cabinets and Shelving,https://homerepairforum.com/forum/indoor-home-repair/cabinets-and-shelving
Adding adjustable shelves to kitchen cabinets,https://homerepairforum.com/forum/indoor-home-repair/cabinets-and-shelving/100481-adding-adjustable-shelves-to-kitchen-cabinets?p=101247#post101247
Electrical,https://homerepairforum.com/forum/indoor-home-repair/electrical
Do Unused Appliances Use Electricity?,https://homerepairforum.com/forum/indoor-home-repair/electrical/99533-do-unused-appliances-use-electricity?p=101250#post101250
Faux Painting,https://homerepairforum.com/forum/indoor-home-repair/faux-painting
Sanding for a textured surface.,https://homerepairforum.com/forum/indoor-home-repair/faux-painting/98809-sanding-for-a-textured-surface?p=101249#post101249
Flooring,https://homerepairforum.com/forum/indoor-home-repair/flooring
Repairing deep scratches in hardwood flooring,https://homerepairforum.com/forum/indoor-home-repair/flooring/100986-repairing-deep-scratches-in-hardwood-flooring?p=101039#post101039
HVAC,https://homerepairforum.com/forum/indoor-home-repair/hvac
Improving HVAC efficiency on a budget,https://homerepairforum.com/forum/indoor-home-repair/hvac/100508-improving-hvac-efficiency-on-a-budget?p=101240#post101240
Monitor Heaters,https://homerepairforum.com/forum/indoor-home-repair/hvac/monitor-heaters
Toyo Heaters,https://homerepairforum.com/forum/indoor-home-repair/hvac/toyo-heaters
Plumbing,https://homerepairforum.com/forum/indoor-home-repair/plumbing
pressure on garden hose line?,https://homerepairforum.com/forum/indoor-home-repair/plumbing/101222-pressure-on-garden-hose-line?p=101228#post101228
Projects,https://homerepairforum.com/forum/indoor-home-repair/projects
Shadow Effect in Stenciling,https://homerepairforum.com/forum/indoor-home-repair/projects/100367-shadow-effect-in-stenciling?p=101248#post101248
Stenciling,https://homerepairforum.com/forum/indoor-home-repair/stenciling
Surface preparation for stenciling,https://homerepairforum.com/forum/indoor-home-repair/stenciling/100989-surface-preparation-for-stenciling?p=101058#post101058
Walls and Wall Coverings,https://homerepairforum.com/forum/indoor-home-repair/walls-and-wall-coverings
Fixing Small Holes in Drywall,https://homerepairforum.com/forum/indoor-home-repair/walls-and-wall-coverings/99234-fixing-small-holes-in-drywall?p=101053#post101053
Outdoor Home Repair,https://homerepairforum.com/forum/outdoor-home-repair
Decks and Fences,https://homerepairforum.com/forum/outdoor-home-repair/decks-and-fences
อยากเยี่ยมชมเว็บไซต์ ambslot.cloud ต้องเริ่มจากอะไร? คู่มือสำหรับมือใหม่,https://homerepairforum.com/forum/outdoor-home-repair/decks-and-fences/101251-อยากเยี่ยมชมเว็บไซต์-ambslot-cloud-ต้องเริ่มจากอะไร-คู่มือสำหรับมือใหม่#post101251
Exterior Home Maintenance,https://homerepairforum.com/forum/outdoor-home-repair/exterior-home-maintenance
Understanding the Durability of Wooden Windows,https://homerepairforum.com/forum/outdoor-home-repair/exterior-home-maintenance/97388-understanding-the-durability-of-wooden-windows?p=101221#post101221
Garage Doors and Openers,https://homerepairforum.com/forum/outdoor-home-repair/garage-doors-and-openers
Liftmaster 3255 not fully opening.,https://homerepairforum.com/forum/outdoor-home-repair/garage-doors-and-openers/101040-liftmaster-3255-not-fully-opening?p=101054#post101054
Gardening and Landscaping,https://homerepairforum.com/forum/outdoor-home-repair/gardening-and-landscaping
Signs that soil pH needs adjustment,https://homerepairforum.com/forum/outdoor-home-repair/gardening-and-landscaping/101063-signs-that-soil-ph-needs-adjustment?p=101176#post101176
Painting,https://homerepairforum.com/forum/outdoor-home-repair/painting
Paint adhesion and power washing,https://homerepairforum.com/forum/outdoor-home-repair/painting/101078-paint-adhesion-and-power-washing?p=101163#post101163
Projects,https://homerepairforum.com/forum/outdoor-home-repair/projects-aa
Repairing cracks on a concrete patio,https://homerepairforum.com/forum/outdoor-home-repair/projects-aa/98622-repairing-cracks-on-a-concrete-patio?p=100458#post100458
Catch All,https://homerepairforum.com/forum/catch-all
Computer Repair,https://homerepairforum.com/forum/catch-all/computer-repair
How to Safely Overclock an AMD CPU?,https://homerepairforum.com/forum/catch-all/computer-repair/100257-how-to-safely-overclock-an-amd-cpu?p=101245#post101245
Forum News,https://homerepairforum.com/forum/catch-all/forum-news
LazyPup Very Sad News,https://homerepairforum.com/forum/catch-all/forum-news/11888-lazypup-very-sad-news?p=96672#post96672
Illustrations,https://homerepairforum.com/forum/catch-all/illustrations
Hot Water Heater Wiring,https://homerepairforum.com/forum/catch-all/illustrations/5833-hot-water-heater-wiring?p=83821#post83821
Schematics,https://homerepairforum.com/forum/catch-all/illustrations/schematics
"When All Else Fails, You Gotta Laugh!",https://homerepairforum.com/forum/catch-all/when-all-else-fails-you-gotta-laugh
Taking Control of Home Tasks,https://homerepairforum.com/forum/catch-all/when-all-else-fails-you-gotta-laugh/96582-taking-control-of-home-tasks#post96582
Everything Else,https://homerepairforum.com/forum/catch-all/everything-else
How do I block online games in Chrome?,https://homerepairforum.com/forum/catch-all/everything-else/96814-how-do-i-block-online-games-in-chrome?p=101237#post101237
อยากเยี่ยมชมเว็บไซต์ ambslot.cloud ต้องเริ่มจากอะไร? คู่มือสำหรับมือใหม่,https://homerepairforum.com/forum/outdoor-home-repair/decks-and-fences/101251-อยากเยี่ยมชมเว็บไซต์-ambslot-cloud-ต้องเริ่มจากอะไร-คู่มือสำหรับมือใหม่
รีวิวเกมสล็อตยอดนิยมในสล็อตพุซซี่888,https://homerepairforum.com/forum/outdoor-home-repair/decks-and-fences/101242-รีวิวเกมสล็อตยอดนิยมในสล็อตพุซซี่888
Top Drawing Pencil Brands Every Artist Should Know,https://homerepairforum.com/forum/indoor-home-repair/audio-video/101230-top-drawing-pencil-brands-every-artist-should-know
