#,title,author,score,num_comments,permalink
1,Sugar molecules used to destroy antibiotic-resistant bacteria,AdSpecialist6598,830,36,https://newatlas.com/biology/drug-resistant-bacteria-sugar/
2,Stream. Bid. Repeat.,eBay_Inc,,0,https://alb.reddit.com/cr?za=cisNO8P6pX1zwK8XQrPVXsQakQV55jei0T0mFKyO71-z-LVy3UTcizdopUUM15jSBQq1Zdo2eFdKdrLVrCnTsVPjHy7uKRtomzAKIpKaoykUNuSDuKilg6n1NKFfFrMEmVxS_nrOZaMnrwRjnI9Zz6AciIdJ0v1ZDyWvM0bXgVJuflWiT5ly7GaYkXvgVivwzQLSEpGHNEtW2qX-ObCiL2mks_loMSqjI1BRGTnBfxQ4OF1JRd-uLGGBFmIXy7xSoWktS52UKsBXe98YBrCSx05R6oZOAx_uBSo_v2SWNLx_2ZmV48fjTdCFHcS6T81yLZC8iHMSoOvG2LTTQ_3i3N10EqeWLN_drZT9Z5xK2rU5-wUIkhP_-c0xqsXOIQb88yQWEARNTWaaiq22W0W-gnYl822ZNrJ4jjggyTw4FW9AEAe3XytJu50pfIo2aPuTSCmoYnaoxy4ESi298SvLeIhh6ktC1h6ZKovmykOH9gz37csX1tdRhq56YU6-AkUkw7WsHHoiKGNl526AY3Mlq7jaSufD74JxMPIEyCXx7NJK7GfWmXMk0QLZ2ePKfa0xak9GIVxhf8fKdzK1MF8_mUMi8inP_3dXzgL9djezXv9EDe7118259mRyvq0RhfIHw6QoyEyPzQV7Ie4Orn-iJT-SuN6VymM2LMh1zlsIFeMXR893NjcWAfYckFRWUr-A4uQrR7WEiP023jg9PHWnLO4Ie_Fs7IyAngUKSTAVkq7wm38WTM_KKw5rxQFiloi0iNs7ydtx9nU5vG9F4NFJ0jyKjaTOw-54_HrWAgwfi_OT7Q78Ow22TqsXSuwqSySnRA&zp=01ogPup8AHu08NU__P2PVNOuMPQavGC3-GwDD5dpU4O0VfF4rj_Jlpnv-ZO5iF_77IhtJxNbORwFPVWgPnbVABcJz4AresGtUrqY43NpD0LXV66DNpu2aJ9mnxltmZAAHT26ztaUrofsmsRtPt4UhKp9zK808Yc_IpNejkOl168k0b9hFsuwHk7oxn1iBJqgolkVI_hD9JWUFZ8qHCSc7SA1joJRtE5RJ0lPSNUGpQiT8mX52qEf4JKi0jw09lZ3XBSELrvUdeWVqucakJgZ5L6vb4iDeNrVbZpaF8VD44J8S6MFcXhfO0g36elNAy8IZ_74OiBdntRbe9Hk3k42JQnDUawXBBrQYoiCWfahF8zCutH-edTtCjC2AdG06hqwEjj3c3xuIe-OF9okNs0_QipitGwYlvfNca3GcA0gjF3dAHsW9FK7Dt6iBq32FGYAYSwvXd60MUiPctEiw9NXgGTBaK3zcJonv8VU-63zgqTiYJk5bAxc1Z-9nR8C6ifOwlFc9JlYAvcGSsNQUIHmVmQrehmboebnb7iaumLW
3,93% Success Rate Shown in Experimental Sleep Apnea Procedure,_Dark_Wing,14,0,https://www.sciencealert.com/93-success-rate-shown-in-experimental-sleep-apnea-procedure
4,A quick stretch switches this polymer’s capacity to transport heat,AdSpecialist6598,286,5,https://news.mit.edu/2026/quick-stretch-switches-polymers-capacity-transport-heat-0209
5,"Harvard engineers 3D-print soft robots that bend, twist, grasp, and move on command",AdSpecialist6598,799,45,https://www.techspot.com/news/111242-harvard-engineers-3d-print-soft-robots-bend-twist.html
6,3D-printed batteries aim to reshape energy storage in small devices,AdSpecialist6598,687,36,https://www.techspot.com/news/111230-3d-printed-batteries-aim-reshape-energy-storage-small.html
7,Breakthrough: Scientists Created a 'Universal' Kidney To Match Any Blood Type,_Dark_Wing,335,14,https://www.sciencealert.com/breakthrough-scientists-created-a-universal-kidney-to-match-any-blood-type
8,This fusion energy startup thinks it can cut lasers out of the equation,AdSpecialist6598,446,28,https://www.techspot.com/news/111227-startup-thinks-can-cut-lasers-out-fusion-equation.html
9,Wood scraps turn 'useless' desert sand into concrete,AdSpecialist6598,797,102,https://newatlas.com/materials/wood-scraps-useless-desert-sand-concrete/
10,"People Could Be ‘Resurrected’ in Robotic Bodies One Day, Futurist Believes. Now He’s Taken the First Step.",_Dark_Wing,652,412,https://www.popularmechanics.com/science/a70187475/digital-life-after-death/
11,Sixteen Claude AI agents working together created a new C compiler,MetaKnowing,0,4,https://arstechnica.com/ai/2026/02/sixteen-claude-ai-agents-working-together-created-a-new-c-compiler/
12,Microneedle patch uses bubbles to fight stubborn acne,AdSpecialist6598,402,17,https://newatlas.com/medical/microneedle-patch-bubbles-acne/
13,A New AI Math Startup Just Cracked 4 Previously Unsolved Problems,MetaKnowing,310,58,https://www.wired.com/story/a-new-ai-math-ai-startup-just-cracked-4-previously-unsolved-problems/
14,Underwater 3D printing is edging in to transform maritime construction,AdSpecialist6598,710,29,https://newatlas.com/3d-printing/underwater-3d-printing-maritime-construction-darpa-cornell/
15,"Ask Me Anything about PAXLOVID™ (nirmatrelvir 150mg tablets; ritonavir 100mg tablets)! I’m Dr. Jen Caudle, a board-certified family medicine physician and on-air health expert. Submit your questions now and join the AMA on January 29 at 12PM ET. Link to PI in full post. Sponsored by Pfizer.",Paxlovid_US,716,161,https://alb.reddit.com/cr?za=ZRjwTQPSFA1ny_I9jGA3HBbo_CTDQAlG8RwjwFP3yrkSkmmiMESWZski5Y_vThm15tltZt4GNjwVfMFpjUOAYDx2T2779e3bM_Ef3APZJTadNtGlG6aQ8cxfXhrAodU0rwIdu8dVTtSpQWr9Y4HGVABlm9aE6e_l1zfnZlsVV86dmGn9WzqavfgLbt0DuqvvnuDJ6ClqsfN_g15Xrsm4NJB32g95MUsR9-HsM0_rtVgXozur4TY60AiUPrJ_X27YtcaiVx48o5nX8oAJ9dvij0Q2luLNN99nFZSHeE2oviB-3KR5gtKjidtN1mW87e6xd-QLkWKfn8VZugL-1s2pVDx5R-HHu20epI9j1Z4gclouRiHztCvxsRkZAQQPcwjzpVIzIpLr0vqL-y5v66J7adwOYnyPJW6odmNJLUa_twgYrApxnNAJHYdm3O7_VY9TL7uJfKI-C7ORTs-qXbGZnKUO9krwf7QUO3z6XXDH844j_EiaIHYU5ddXVExyxS4F5hJdRzBPKdnGAXTSHwKaQVf1wV-6cGtN0QJLUsgKto_iBfa48s779a2StcWO3zXJzr1bgpcwAPlc6gK0g6EjojCcAbH3PYcn_dwCSigSVDelBLqnWd-HkQAO_wDnWVjFGBYQPcPY4qMJLfeDXC3e-CNE6AWRUBP2QT3j5eK1QA0m8pXQPxFBMg5HeoBjEV-CAzR3lzZc7k795IFZFMS3paqE6rrw0vynDz0efppEs5Xo0mkmI3NIJmzuiIZkj1NYPyO-iuKEmezG8uUz9cZ_XDuX8XG-Na9Jo37mXTnSc3PyR2YNFtEulpYWh0mTuyA6-T_noRw&zp=ZYG6JR8wOpBWaV4qwIcRLREArFVo4SiXT7rhJXp0v02A3gw0xTBZxYyFJJo2_CwQxXaJjHZ1aHpp7OkLjnLA2m-MYmkyrfBXFk6k3ed-UVm5nbsL3vj8rhM5TNzs8fyp4K8wskc0gvpkUbB2JjnoIYo6wqOohG9CT8QTWAXAb1lgLXKiDtaXo23sw6L5pBwu4-i9znRg1_5ExPkHkpHBist8qRmDMi7HTwR2W9O_kcOKQmKr3iEv1xk3r4wRorJcBWTI3OBuzeZfLFJ-I7aGsdhsdqCWfod1uLDWkS91RCLT_Xuhs2CA7EEhkzbGXAeqnjTURNqcun0VtZr8Zx4wAK4F22X-bt2GUGNnmrvk_2r7VOmBruMLvMZd
16,The Large Hadron Collider will now heat homes as well as smash particles,AdSpecialist6598,2030,93,https://www.techspot.com/news/111150-large-hadron-collider-now-heat-homes-well-smash.html
17,AI model OpenScholar synthesizes scientific research and cites sources as accurately as human experts,paxinfernum,1,13,https://phys.org/news/2026-02-ai-openscholar-scientific-cites-sources.html
18,"Toxin Stops Colon Cancer Growth, Without Harming Healthy Tissue",_Dark_Wing,2546,42,https://scitechdaily.com/toxin-stops-colon-cancer-growth-without-harming-healthy-tissue/
19,Engineers just found a way to cool quantum systems using microwave noise,AdSpecialist6598,440,24,https://www.techspot.com/news/111144-engineers-found-way-cool-quantum-systems-using-microwave.html
20,New ultrasound pad aims to make prenatal visits less unpleasant,AdSpecialist6598,537,40,https://newatlas.com/medical-devices/sonogram-gel-pad/
21,New Drug Stops Weight Gain and Lowers Cholesterol by Targeting Nitric Oxide,_Dark_Wing,799,74,https://scitechdaily.com/new-drug-stops-weight-gain-and-lowers-cholesterol-by-targeting-nitric-oxide/
22,48 hours without lungs: artificial organ kept man alive until transplant,waozen,1007,35,https://www.nature.com/articles/d41586-026-00239-y
23,Hybrid jet engines work to excel where pure-electric jets fail,AdSpecialist6598,434,34,https://newatlas.com/aircraft/ge-megawatt-class-hybrid-electric-jet-engine/
24,Chip stress-tests blood cells to see if donated blood is still good enough,AdSpecialist6598,570,20,https://newatlas.com/medical-devices/red-blood-test-acoustic-chip/
25,"Days numbered for 'risky' lithium-ion batteries, scientists say, after fast-charging breakthrough in sodium-ion alternative",konsoru-paysan,33,4,https://www.livescience.com/technology/engineering/days-numbered-for-risky-lithium-ion-batteries-scientists-say-after-fast-charging-breakthrough-in-sodium-ion-alternative
26,Radio capsule lets doctors know when patients miss their meds,AdSpecialist6598,402,57,https://newatlas.com/medical-devices/mit-medication-compliance-capsule/
27,"Join the millions, like Michael, who have taken Ozempic® and ask a healthcare professional about Ozempic®.",Ozempic_semaglutide,,0,https://alb.reddit.com/cr?za=SiZp4rPQUnULteSEHWt88YfFQ5uCT3mj8caqvtetQYoPDh6OrCG_erGhL3IUxBfprKUJBDnnHCWu5bBI7Lx6A0Q8nGvYRS_denUck_igXjbZQ09fxRelt4iG2bFf4iUtl_Q19vwInS7sXm4UEW4gG36UNsDb1apSGkmoaRq3T2lt99dv2n4tryLCejqEdpbQaHCGohQh8CubH5Oy6nEoJaTRsj_kCh0YP0AY66dL5rsq6VpfRPsnhHpudXOJyU3Y9wbF5ae1mPnxJKHaVQTLRbRNeTA1I0lOa8hoOF5-OEHY5F0jrbVNBNRLWUZINZmjcujQa-MyAkfHX3AY0mvzYb2A_imdmbgZEkAxjHDDqA-y19P9PWLEGDuVfGMMod6sfPjZhzTMF2c8zlb6-WrodpyzrCXuKzxQAEHtICJK1sqWLzLGywMqq_eALUNeivEPxEy2ctBUJqg3sSXEpP_is4IeKtL6yFDaR1VqgEBZo0K2kD4ZYld_gUhmAiKSzhzvfuutUkys-21W0yTmfCnqIS1hopw16O7rskjiEKMMjwwPzno3yJj1yUqYWJLCD2h8-W1To3e80BjciNBihbUb1BnOFDqdKVcqvI8lz3bg9mW0xr_I0BcY52qW3DpmiCd06GSkQzLxiQcoOy8tLWz2jxJZ2RVcY9cNVVtRjxipZmuDV7xta0hYvKVOHDcSWBCcAOJkaq7LxwRUZylBMPjcQjzuNjY4vn7PW53BrBAK1mO9mljhCvoRv3UVERQf8h5Nlbr4l2svS0ewhztKxZ9ahB4XnFmeCSGru-CH5nsFa-AC73RjUhpYkEA_aO2ULOIA&zp=3A6X9TnF1v4d7AmQvIu_T3WyhXlpZnOoKDkWR6S0phNYSxPZ2UD7B1MpcLFLAGBz1ewZE-Tp8sVnRfj3YukjymZGoyCJt10TzYpt2vD2NiUe-af_A17suVVstE9Q-GmYvSDj-f-JUViEp0_LkYNjW_NjQtnsQltE5HX_pPl06X0R_45ienqse1zjUQZTTRIiVtzyrpmGEAXKcmx2Ge3NXz9GeY0pKpA1n2ZOzGuTaR4FOBi3ZFWO70vpvPaj5LOSsgb6z1XydtJ3Nh2hgdw8wN1HfAovL8I7C_pVaqMDahP83aYiTAGz9kTYg8PKFoo1PNJ51JAc1XRW0XTjIE19vppPRpRoR2qSFOoisw3aoDC8U_XZo3XhxTkQNFzcowR0dLGYkjTHHjZmfUi-BtdkUE4AlOPa7_J7Zsls0XYTk7fv6Y91h7o5172X
28,Scientists achieve pancreatic tumour regression in breakthrough study,waozen,2709,79,https://www.euronews.com/health/2026/01/28/scientists-achieve-pancreatic-tumour-regression-in-breakthrough-study
29,Unlocking defect-free graphene electrodes for transparent electronics,_Dark_Wing,162,4,https://phys.org/news/2026-01-defect-free-graphene-electrodes-transparent.html
30,[Highlight] Best of Kenneth Walker in the 2025 regular season and playoff run to Super Bowl LX MVP honors,nfl,,0,https://alb.reddit.com/cr?za=f_7jVaJFNNzwHDSSZnjNPOjCTOvBbA--uMIUjCxKUnOGmyjSoth9HXgytLqAnoMuwxTjbpbii41IHGnEQDcgZegJoo_LGYM21ppl8A8E9qS_eYSfDsbnb_4IUxfnP3ZNK2gHSsWS2bIozdAVCLXTCuU7NIqzqJpk76vZp8BDcqlfn-kkSXrYZwcwJi8LVuzpaOtKhHMeNzdocIE9so34Mkk4fgiFIquwJFJILiCEiGkk4n-_HMtIsA1tofJNCYVMHXax6F_ooGL8FlF_T02g-iRS9NGedTDtL_AzCu-m0ptfdqmQVlm0NKHPsWc67p5YO3KCWCEpGiknMG28gzsZKaNouL18UY6S6bcRupyCk5Va_apsFfvLg8eg_Nb974hsh7PgFRLLm8V4W8hUWbSBfQpOUIF3MTyZx4zyqVriLaxTkwtZ7pSYaVVFAlN_5eGyRA0QkQFfGFW_iG3alZP3CZYEWWeke1XkhwdwC0BElU_gwuvTEUnz7R188tE8PmshTYVsjtkNWRIBxTmrAIjRVLW7vJZq4TKUF8d1Xbhv8hzCBVUm6BYmHSy8vzR8GlJIvsraYZzBRB5zswRtMGy1JlOnNYq_KJE-HaavQNjLSJHbcLLhZQbKk2FLp5kN82rBWINCF-2u-EJ_rLqjz-dyOb7U1krSkMSaWG30nmcECeZ_gwxo4rI_6DVFi73C18_bUEvegWm2iwPYPi1_a5kbu2jjxaWkPtqQ4BQr4jo0Rrc521HZyPsaR8ecImaTXqjwhFJAG5rgJMAMF0zLRMz7vKp3E3PcoDw90udyedU9ro0p9zTDGWZk40SLVArkEXzUncmq&zp=qHwKc9QlLdYzG7xVw1eGEPw0GrzqOM7Ik0twOwoXYu7xlb_isRqHgQMS-R_Yx9WGmQvtBCowf1sRn0BcuPddk8uRCPiq-rxo9LZvfC8_C8He_TOUFOAkRL3Zw2mvM1X9lG1u8_QpRDZHl2ArU3HgtxckkpIOVaMPUfdA1O3xQQg0k20PLcDYfqP_chMPeopmE3vVYtKyLFRuNm3Fd5-c0WC5k1yqxQTIuMcETLSzxTI6DOAGUqtcd-IKZyzJ05lIi8yjyMSHxaxGjCzlY0TZ8ivTveUa53OPzPbKaI3lNXAIa1voRJTM13d5dqRv2CLR3GlOduwqEny2vVMeYw3qG1dEzMMO5prClvO51VUC4dUPSmUuGR3KJHOp2GH5qVonBPg1rlVdMk4wCXyrM8GSFMqiO689Mm869cK5K4YuTflcfl-g_1goNdRjORMurWw5SzTq_JBNS_kkPQ8RGR66GuAJGKaJgcj5CfbE4FXjnftms1gVsk3JpWci5A
31,Scientists Identify an Epigenetic Switch That Can Slow Production of Fat Cells,_Dark_Wing,87,4,https://www.sciencealert.com/scientists-identify-an-epigenetic-switch-that-can-slow-production-of-fat-cells
32,A new chemical trick could extend lithium-ion battery life without redesigning cells,AdSpecialist6598,692,36,https://www.techspot.com/news/111080-new-chemical-trick-could-extend-lithium-ion-battery.html
33,Goodbye to fragile solar cells: New method makes them almost eternal,_Dark_Wing,100,2,https://www.earth.com/news/goodbye-to-fragile-solar-cells-new-method-makes-them-almost-eternal/
34,Electrifying boilers to decarbonize industry,AdSpecialist6598,526,53,https://news.mit.edu/2026/atmoszero-electrifies-boilers-to-decarbonize-industry-0121
35,Using amino acids as fuels to make conductive graphene,_Dark_Wing,427,5,https://phys.org/news/2026-01-amino-acids-fuels-graphene.html
36,Models that improve on their own are AI's next big thing,MetaKnowing,14,14,https://www.axios.com/2026/01/27/models-improve-ai
37,Gene editing takes a major step toward ending daily cholesterol pills,AdSpecialist6598,1407,68,https://newatlas.com/heart-disease/cholesterol-silencing-crispr/
38,China reveals 200-strong AI drone swarm that can be controlled by a single soldier — ‘intelligent algorithm’ allows individual units to cooperate autonomously even after losing communication with operator,MetaKnowing,441,53,https://www.tomshardware.com/tech-industry/china-reveals-200-strong-drone-swarm-uses-intelligent-algorithm-to-allow-individual-units-to-cooperate-autonomously-even-after-losing-communication-with-operator
39,This Immune Therapy Repaired Gut Damage for a Full Year,_Dark_Wing,234,7,https://scitechdaily.com/this-immune-therapy-repaired-gut-damage-for-a-full-year/
40,UCLA engineers discover the most heat-conductive metal ever measured,AdSpecialist6598,1058,45,https://www.techspot.com/news/111037-ucla-engineers-discover-most-heat-conductive-metal-ever.html
41,Stress-reduction molecule has potential to treat aging and metabolic disorders,_Dark_Wing,545,12,https://phys.org/news/2026-01-stress-reduction-molecule-potential-aging.html
42,The Volvo EX90 makes it easy to help get your family to all of their activities safely.,volvocarusa,,0,https://alb.reddit.com/cr?za=RBd7HTsIIYnj20T84HGOOeX1ty2RmnKVXxokyAOiUBFBiV5BjZh6RYWYKF3rZTx-so3B5QU8vgML_r6_LznTibwRwdG1a00A69yClI1kJf9hWlcfT63M3CZtYTn2aYJf8ZyRe0MbnVW4u9ppZT5xjCZB-QhrjhrEIAWaKFHs8yLa47IMRwSlYD8w8hMfBzEoz7k_uUY3VDTkUveslB_K8znoOK1W6nwPnnYwAq-Aans8PneaM6wm_pIZtOYWk4VyHFa6qV94gka4-jPLw_cnmwAd-S6kXpUYlruxKrdpW8MDMhpDAL0HqT4wKwwe3ml8uSUZ77cs1CO41ue6xvD36gZsvU5Phrf9ZZEIkNV3ou_bgfeydgz6Y1KrNdNfEo6Eot4i0KXeeY68N9RSTV5EYtQIQVsvKcaRxqEL7YrvihehD415LqOFG0RjHH5BN7_8hbtJelZ9Ag75gx14RJI7ifUA_ll0vp-1ESFfnPaevNphbMPhJocsrieBbbKcdtmEro24aSJIHJlxKIg9wIWh5KVcedxLA_gHR5j24tK_eetUmGsrrDDzUbk0Z4ARIQZEgKSOwhjQC4MId8T3fsP_JrrpQk4fnZE8TgAB_43DTT5Fb3Pw_vHkcJrMXZmxeup9Z22B-JYZJKk3rZLYA7pPl6XAZmD9ckR-M6_B-8aIzlt8lhpHB6jQOD2adpszEYx2w_3-v0MStLMP9Iw2JqkSG_ccT4X_OOz3_0IJCKT7xYk7XapknR1P_2suowyAIXNYvExJraYW1qtSCNbnPeYiYz12Nkh6spYGVVA8Fpez7q7Hg9YS846O-KNWm_ip4CF0fO0TizA&zp=AAxNe1SUzFEaxlYoMSF74hLOBMFUSUPSRxP-eXSMAX56juH5g3WLZ5tcbpyiQjWPSAsaoQ5gy7u5x3OyXV-QCSivMEWQ7EOhswxnAtDWaZfV8JCtHSYqHYgitiM3quvJxhDltUoBSbbh7bnrbPUPykojEbcIeqsNLDjgCdV-dHu-tfo-8VGFdwo85Xu1LmgxdZ2ApfM_r2-v_wh_Lb8PFjMJZBojeLCPJqKscCb9dCJetr7WP1vIggWZ2AhIg2lWwYvLKFApPNdSFSgFu-1aCJG7VKF2kRU_24oWpNaPBQRvOIMqABs5kYk58K_J-H-3JiYMEt-nS3qU2QOhO7qFwrC85Z6EY-wJdFecdHd4V1fPvOYJnuU4c2B3B3RIr4buJlJo0i_Qe1z0YXRGxczyNrjfRLp25RsQPVymkvhj4CDxhTYhxQygK-tV477ELAuuaHGsgl1phbr3-ZukQeVGIg9v8BmAJ44pLXJLETA8Pz1iUcygbV-s6nMKfoYKdDJEmwscqsnFFjG8u_gOOBAW4vBdek5cblpMQTZHWwAPj4EEGSD2KldR5fO1JS8xv-2TAt116Tk4yU-tm6RVlzgKrq0JP7SSuAZ1klClHDTmCy-lBUm23nbv6P97Sjh-I_4
43,Scientists print human liver tissue in breakthrough that could save lives,AdSpecialist6598,1760,73,https://www.techspot.com/news/111044-scientists-print-human-liver-tissue-breakthrough-could-save.html
44,Scientists May Have Found a Blueprint to Revive Old Cells,_Dark_Wing,71,1,https://www.sciencealert.com/scientists-may-have-found-a-blueprint-to-revive-old-cells
45,New filtration technology could be gamechanger in removal of Pfas ‘forever chemicals’,_Dark_Wing,1191,66,https://www.theguardian.com/environment/2026/jan/23/pfas-forever-chemicals-filtration
46,This robotic hand can crawl away from its arm to grab things,AdSpecialist6598,373,41,https://www.techspot.com/news/111011-robotic-hand-can-crawl-away-arm-grab-things.html
47,Why Apple and OpenAI are reportedly betting on AI hardware in 2026,scientificamerican,72,22,https://www.scientificamerican.com/article/why-apple-and-openai-are-reportedly-betting-on-ai-hardware-in-2026/
48,UC Irvine engineers invent wireless transceiver rivaling fiber-optic speed,Harley109,19,2,https://news.uci.edu/2026/01/22/uc-irvine-engineers-invent-wireless-transceiver-rivaling-fiber-optic-speed/
49,Billion-times more efficient fusion unlocked with low-frequency laser,_Dark_Wing,53,3,https://interestingengineering.com/energy/billion-times-more-efficient-fusion
50,Forestry-waste pine bark could be used to pull antibiotics out of wastewater,AdSpecialist6598,675,17,https://newatlas.com/environment/pine-bark-antibiotics-wastewater/
51,Building the world's first open-source quantum computer,_Dark_Wing,713,17,https://phys.org/news/2026-01-world-source-quantum.html
52,Battlefield wound spray stops bleeding in just one second,AdSpecialist6598,1795,130,https://newatlas.com/medical-tech/battlefield-wound-spray/
53,MIT’s new ‘recursive’ framework lets LLMs process 10 million tokens without context rot,MetaKnowing,144,10,https://venturebeat.com/orchestration/mits-new-recursive-framework-lets-llms-process-10-million-tokens-without
54,"With us, ‘what’s for dinner’ is never a question.",Kraft_MacandCheese,,0,https://alb.reddit.com/cr?za=43lOPWq63JZLg6_b0waTjpuYnNlYKv2czdWXbfrt1PIikkHCxDl7hWTkfWWRWbeTY_eETdoyoXupkVaNIlv-e6hQ9q3H-fTn-H8bC7zyvXT3hRmMiFQUyXQdI4HPBxQ9EUYgF-GbrmOxwg0mauTGJhSLyI9-RmgyOXSmMvsQSXrHAGwiHNRViEQ7we_ccIq8FNHtzCEE036XAZO8UE0GFfnpSj_Kb6wsr8Mj7On39qgXQwgK54PUiuRgSXBKzyhbZFfQPKZr91gJLlT2BsUOtFD2H5bUcyheEwvZGlavSN8jtjyS2NdbxTKmQTK_MJapdwIHm4aq6egZSP-mbhBJeHudqLCXFJMea-Aid_Y2lG_d1rHby_AJW1DJW4rZQqFGnX9UylIWaRN_HUWQBxjMEJMGIO3FVQ9-SRCVcspOnUDQQJaLOpUqnqqbhTLZaseeFDGz4Wm4xH2Dg8E0kgLyAcDwhwB7wDqWAzZsxmr6Eo7F-_lYDuVrYXEoZx9xbPxChbgQJVB9eYenE2jxGTQgmQt40y46riQorgsjFrqpNZZGK4NSu5cUxKEpX7vSYUYfiFn6OvX_p3XyIgPCQzDs4feSWx3l1CvXKha7NDgULc_h2soMdS1vq2Xtje2EKd9uokGAVj_-3ClemR09Tlx8OTO4m54XvxQeCy0TNDZ1kF-X5XtK7duCRrQCM2uFrCtl_YYvU6pKGgmljwhE0doN6eSEOX9hMYo6MCjCCtEjpVniSzGwNZhM3QSxDTvz5If-W8LkyQQpia8mEM2tcoMD9xvrygykC1fJm4gp2thtO_tiBhboKNilKamxxSePDCiZHQ&zp=-HWSZ25JI03Ajeint0t9Xd4fRsEBg6NjxT1vfZOU9zWziZ3n1BBfTXYA4-o9mphuJNxsMGEEiM7PUon-S03sxnIODJTDib1DwxCUpCdaqSlLPDOb06zhal4ViZH7Spe5ZvXsYftmsoKB2qgi_z-n884caXroegGIcXKo7JyJ_N7nAMmwe7FfDClS_NuoojSbva1y9s8pqQrAveREbj2q7K3KXEs3IEH77neHjSy7Ic7iV-ouyZK_gcD3YZfa8Vc73B1oSxcFPjkqSlLDZQyM0QdoQPCIWGkc3cSgwoRV1uHBTjPg1IAtjxOJf7lFD6vRmq9eRk9KDnXvwx3zjK6GbUPHu8ihKH4Xwr2360Nkt5GKRklKEiJdnJ66VSf2JyIi5SBwXoxz-x-wf7qr8xsQI685CLK9GriXLVknWUZ7FFSXvxoNkhN7sv6H1x-c8VdH37zvKt_zGj09P2d-zWL8fEO31BhVJhE
55,Scientists Discover the Body’s Natural “Off Switch” for Inflammation,_Dark_Wing,1195,113,https://scitechdaily.com/scientists-discover-the-bodys-natural-off-switch-for-inflammation/
56,Magnets produced at room temperature using lasers could produce faster non-silicon processors,_Dark_Wing,616,21,https://www.techradar.com/pro/magnets-produced-at-room-temperature-using-lasers-could-one-day-produce-better-hdds-faster-non-silicon-processors-and-at-20nm-they-are-so-thin-that-they-could-be-used-almost-anywhere-even-in-the-human-body
57,Researchers build a stretchable OLED that can double in size without dimming,AdSpecialist6598,506,28,https://www.techspot.com/news/110973-researchers-build-stretchable-oled-can-double-size-without.html
58,How well do you know Ozempic® (semaglutide) injection 0.5 mg? Click to discover more!,Ozempic_semaglutide,,0,https://old.reddit.com/user/Ozempic_semaglutide/comments/1o6shde/how_well_do_you_know_ozempic_semaglutide/
59,A protein found in the GI tract can neutralize many bacteria,AdSpecialist6598,1008,16,https://news.mit.edu/2026/protein-found-gi-tract-can-neutralize-many-bacteria-0113
60,Chemists determine the structure of the fuzzy coat that surrounds Tau proteins,AdSpecialist6598,766,35,https://news.mit.edu/2026/chemists-determine-structure-fuzzy-coat-surrounding-tau-proteins-0114
61,Scientists create a spray-on powder that seals life-threatening wounds in seconds,AdSpecialist6598,2086,132,https://www.techspot.com/news/110950-scientists-create-spray-powder-seals-life-threatening-wounds.html
62,Efficient cooling method could enable chip-based trapped-ion quantum computers,AdSpecialist6598,544,39,https://news.mit.edu/2026/efficient-cooling-method-could-enable-chip-based-quantum-computers-0115
63,Could glowing green skin be an alternative to blood sampling?,AdSpecialist6598,456,57,https://newatlas.com/science/glowing-green-skin-blood-sampling-alternative/
64,AI models are starting to crack high-level math problems,MetaKnowing,0,6,https://techcrunch.com/2026/01/14/ai-models-are-starting-to-crack-high-level-math-problems/
65,"Scientists develop nanophotonic material that changes color, texture, and shape on demand",AdSpecialist6598,1067,72,https://www.techspot.com/news/110898-scientists-develop-nanophotonic-material-changes-color-texture-shape.html
66,A single inflammatory switch may help repair the liver,AdSpecialist6598,919,43,https://newatlas.com/disease/single-inflammatory-switch-liver-repair/
67,These paper batteries made from plants want to replace AA and AAA cells,AdSpecialist6598,1354,72,https://www.techspot.com/news/110870-paper-batteries-made-plants-want-replace-aa-aaa.html
68,Spray-on armor for plants offers a new tool for global food security,AdSpecialist6598,653,100,https://newatlas.com/science/spray-on-armor-plants/
69,Pills that communicate from the stomach could improve medication adherence,AdSpecialist6598,672,61,https://news.mit.edu/2026/pills-communicate-from-stomach-could-improve-medication-adherence-0108
70,Instagram Teen Accounts have automatic protections for teens.,Instagram,,0,https://alb.reddit.com/cr?za=gFeZwIXS5Ci3DnazMOzcchR-35lBrqm9Foxj5DO40L90z8hSNzpO1-saveayJynLZgHzWZsKM6vPz1ED0tn0tlDu1q2Dm26PIItuApbM09LQq9OAFqbpLbcUJ01YcO35-JjP4Qps5yvFcGFVd2VOht64-0HFBg9tKk_aONnZTahKohMxngvH8GU_CR3sWRFGlmogGPuVR7-GCE2cJfDkuYH4tPQcNEoiaazeXMqCrtRGY6DIQlfRhS14kNbDJqnSwEByFPHUAqpcdu6Z1ix1eAp5FuCUhsRZGl8ApsP-l4LN7YIYaKDUVykcMK6saH8kHYNgdp_NFQ3broUdf9-6anLMsMt2KEQ3Ay_n2vxMyrXlcfQSwwofdYkkfunIufUNz8JRHSu8uMS_vPyrANxGGHwsSUAQRSCUrnVo_iq9F2gIRHDSeAGu6K537CwOeQ2HaUQfbx1jPcvndEzGLUNHMKUARR4SaOWlArmVqCl1gqSgWrT6GYWVYviYVjb5JIbrlWKQFDX-sfNb8msm0X7EUTy-hWvLoVUApQA_gWrapwUvtVmJ2ZGCWoJEQBjtL1dRrmVCoUU-61O69jDSNX-JbHLq8vs4MgZJ49_DTjzkGBmGbOh178qckgvT6u4gdMdTBOcMtKYc6cUUliVsyj633vys4ZI3NUsiieX3i5AfIDzehvFzzOGKXNUWOdaY-hhumcWj04q8VBbhYUa0QXDBsWaKxWpnksffjCrZVuqKWSzjFErQr8x8QEl11zHU0YRRU1OJL6JEJIzaBrkI8c9i3DU8CORURgNJKPHD-re4N0psxpTqn7s6RW7QbQt4mf1hE-9ldM0&zp=jaiCEx3KBdeQNgdxsp4hVDjhu1VMyLNR7t2_r2yeP7E3tE9EDRba6WrJX0ktDae1Cqc6HkMIA6eBJ0VnCu_OMugQh-smFjzx6CgRs96rXPp377JsTuXo9TrDGXejYv2oDYPRhreWclaEo-NpDt7W_6YvR9UuA2jYWWqK84sKMK985pvKaFNzCfQkKVbArtCJF7FayjCvzNb11Q2EiIIuD6uhHydAVVMI-V7dcH-ePD6Ib9ZcwQ2EXjixMjVILQeQDp-zLO9Anp77lgih9zfh6hSGvk_xpY_VdENGAgDW7Mx_Gyet-SHZX2hV2wHaM0vSG19AXpEFQdv9UuXDRqaIHGT13xsmKf3jExVO1eoxbVGTn-KRGX_m2zvkJ3fdw9sNyFYs_fDi_cjKf6kGXT_YbEgmxTa7Y6Zft_sH2ZSX9FrYecVbh5sfsSWXMYCiBtYaKXd1EucQfjdDd_otBqC_jZDKEO66j083EZhRuEoF-0FkjYqVpjMBhEYUWH9iEG_ouct6tzNLtC18lkkirDCOr66xtO4P-joYBqMa4bN4bn1DKAvknq2S9MX5
71,AI-generated sensors open new paths for early cancer detection,AdSpecialist6598,402,92,https://news.mit.edu/2026/ai-generated-sensors-open-new-paths-early-cancer-detection-0106
72,Experimental molecule may be a potent weapon against Alzheimer’s,AdSpecialist6598,1379,58,https://newatlas.com/brain/alzheimers-dementia/nu-9-molecule-weapon-against-alzheimers/
73,AI co-pilot uses machine learning to reduce deadly sea collisions,AdSpecialist6598,391,53,https://newatlas.com/marine/smart-sea-machine-learning-sea-collisions/
74,AI Models Are Starting to Learn by Asking Themselves Questions,MetaKnowing,0,4,https://www.wired.com/story/ai-models-keep-learning-after-training-research/
75,First US at-home depression kit on its way after trial shows relief in weeks,AdSpecialist6598,1179,251,https://newatlas.com/mental-health/fda-approves-device-depression/
76,'Microneedling' of plants could boost growth and reduce fertilizer waste,AdSpecialist6598,914,41,https://newatlas.com/science/microneedle-biofertilizer-patch-plants/
77,Nano-magnets may defeat bone cancer and help you heal,AdSpecialist6598,1086,43,https://newatlas.com/medical-tech/nano-magnets-defeat-bone-cancer-help-heal/
78,How battery charging led to a breakthrough in lithium recycling,AdSpecialist6598,1393,27,https://newatlas.com/energy/battery-charging-lithium-recycling/
79,Injectable antibodies in nanoparticles could replace hour-long infusions,AdSpecialist6598,958,26,https://newatlas.com/medical-tech/injectable-antibodies-nanoparticles/
80,Silicon 'postage stamp' implant instantly emails your thoughts to AI,AdSpecialist6598,0,44,https://newatlas.com/medical-devices/silicon-implant-emails-thoughts-ai/
81,Tiny under-scalp implant could restore lost senses through prostheses,AdSpecialist6598,627,31,https://newatlas.com/medical-devices/neuro-key-implant-restore-lost-senses/
82,Ready to hit your daily fiber goals? Quaker makes it easy to have a resolution that sticks.,Quaker,,0,https://alb.reddit.com/cr?za=NocDqjuwkxt3QXqxAQaA4erR1lO-_J6DqAlJwZPgLJcDZu4db4nNDpijywxHo_ix0QJ6zLqcwZRP8k5Q3YDq3a4W4DplaQX0oh8n4qVouU1OEjBKLOByy9Js2r7GjqVRhZwxK0CsnZuLCeNRhxtndww4gVC4DBpAOjU3cWgNM3RjO8MoYeNhKCdgZuUfHl4zhsKIkzAEf21z_0Wm8QeJjLarfFks09gT0zdtZgzqbu8uJf7klhOIsYd3hIW4T9YRl-7syVygVSmMAjIl8SrtiKAVsPtVb4tfE-Hk1podySM6Fqyfb8V6aP2gh61wSfTaEHEr01hfW8oj7i5_XCZvRdQvnH7C4Wce-XFzeTbOYiBxyKPH-S4hzeE5trx-Bp3qvsDP0tRhstCjJGB2czvTIQEt0BUyjjsnc0DUaN50hgu2NlWvDRa9Pdi0xvscPOKD9Zs4Qs6lz2Uw70Ky553B9QDEVngGnGm9KKaNuJGHp6wnNesNNtbGzSJUpLunO5d8upUYS_lwOC4eMNyPHB4gsGiwnMkpHXg0pB4fgatAl5v65g0ln3WqPo1MKhMVdWDazdBO1iZbDaWewvi3fCy6888KCve9oAsIXb_GnIIqmKGl86aO2IT8IIOmfaQNCoHMQWLurnSbdX4uKvz0uzgXJxwoiMUqKDvTsOnqQ4KDcdz7Q-0V2UTUxwfmVtOaq8TSw01VI97sYcyRIbH239Ty2BKV3KDssgFFWBhjhLKtuutmeL3r9223o9I3MxGeCq_GVM99QKJND43e0MmaFIkGR_GIgiJdelldUdE0aEwf9x7K-DdhGrZQjRTgyJOyMWsgZO1YPcg&zp=pwV-oyJLimx1yTSjGFLftZMIYYcFkGK7MuQPwicPDWqKzE9LU-FCZBZotRPPE-Dj0GnPl4f1c9lNKaYK7UwhG1j69kxuS6s5CjmnQPpTXb58jkmJHr5Q71sXJrIqFseBLKtZw7eTONLQJk-ca-D0RVGoYgt3sBY_I7MFXPy2bP0oGf87wzElfP22a3Hi4B5oXVCgcE2IJO7IpCkNkKHOJWUJNZYXiBrs2B76_VR7a3Qz5uaFgFZ28od_i9OhlCGUqQNnXyoh8pN3nw-V6g
83,Anything-goes “anyons” may be at the root of surprising quantum experiments,AdSpecialist6598,543,27,https://news.mit.edu/2025/anything-goes-anyons-may-be-root-surprising-quantum-experiments-1222
84,Mosquitoes' stabby suckers may find use in high-res 3D printers,AdSpecialist6598,637,50,https://newatlas.com/3d-printing/mosquito-proboscis-ultra-fine-3d-printers/
85,Magnetic cloaking is moving from theory to real-world engineering,AdSpecialist6598,1007,54,https://www.techspot.com/news/110709-magnetic-cloaking-moving-theory-real-world-engineering.html
86,"For big dreams, small dreams, and everything in between dreams.",IKEA_USA,,0,https://alb.reddit.com/cr?za=-byZ6a0mzcvBIrkskss_QxzW4YWDpjMHivAK-xNZR6KQd8K22jkngT0cpCQS17aLOrRWFzEvlketGdF7V3qc5mNWSyHWK8m7VUu-ngPAn93BgvEtYtq1fLTMqMmprOr69EfMzALt1xF7cKJvj08CVx1lxI7P_brlZISkJeNp7o9NFkFrG7casrs2JcSILBNzNLX_vTWmaHaUaLqmRQV1-c-OfyzhjORpPZNYpUMKlO9JqDj1keQILefki1M_OECoCQ2BFEBXQCmoj-PV6QESuWtW4VO5HAXVpjQnr2eWikhxIpeuMRE7tkimX8g1zTHxqF_Cvho8PAVfT8U7cC-bZQhUbjzZ9emlT5-gqsFMJQHPVmb3xTZG-KsrxCKMC8qvn3Rs43sZ-89Q34x19MIeZTDWKc4ysPVYFbeoZNxEr0dWIV6Zlp1VxOwT7YrxVB23IpsEjq8EF2-9OqdtVnFuiMj7b8nyExpU9EdWKueodD2sQDDhVDv0mGIEdbWW2h3UslyyhKdETcGH4cY9NmJzLSPuDhKn9Q-ziQLyrekX4I0xSn0mvx76rv5M5JqmEctEo7STfLyIhwOR0OPLtdbcvu87l0S8ro7F0sQLNcwZTjX_JunuTPA3k5fWj9_z3MDcI7spqqy3Q2Jo4dp1IHUwbfJmcfuMxXrhKn0KNPGgaj-2cTO8TpZGxs7cEQfjj-qjf1MLhkgthF2iSpw5A3_z1VgWCynuulZVmvJcewfJEh-l_XRnbojHCnELZ-ZwK_JmUjShfS6gV14PyAIDpQ3HCPftikdr1KyQvjKvBiYZslGuw4jEnV6BD3rMTqOPUTqD&zp=I7VeHlhYyavhlR94N-l_cGL7rH5EDyYqCkQt-Q9SWJCBupDZrthBG5yRjzK8_kmV5KPfKsmSB2sYkvgAVxqDaKR2565cQ5h9EAWbAm-MCFQTOE_KNazDP1juKh9PCoasB2ButVC5fl7pjV2LI7U0NEDhZve4fNIRMzv5h6nZNYQG-MFzDkDAEY8aJpF6kSKArENmtj-E93QOTg0OjmjmQhG96AK2SB7QHnTQu-N0ZiqqvVjyHMMJmX8vaw80jjFgtlyVgq9ebWIVPxP2-cO5KkbSbfmX4L-RsWfUggG8aJF5RVRdI6gle47HCFPRjWAPMFFoIM9hGSpAttA1Eke_EZ4d0raypJWVQcb589KS6dcDSvJtca3y9ylKoDzWs7adKXjTwp3BMrcvD7SZfASf2hRONUC2dPXtV1N_NgoOis7JvEIa55T9uwPfTzkyAbcnQ6aXf1bUFQhGCaPtmz3Kr68l3-PKdiDPpJiwgWpc91yVNuLV
87,World's smallest autonomous robots could one day save your life,AdSpecialist6598,586,49,https://newatlas.com/robotics/world-smallest-autonomous-robots/
88,'Stingraybot' uses microbubble muscles controlled by ultrasound,AdSpecialist6598,386,9,https://newatlas.com/robotics/stingraybot-microbubble-muscles-ultrasound/
89,AI-powered 'glasses' help the blind go places – safely,AdSpecialist6598,537,66,https://newatlas.com/wearables/dotlumen-ai-glasses-blind-independence/
90,Leaf-scan tells farmers when fruit is ripe – without destroying it,AdSpecialist6598,960,23,https://newatlas.com/science/leaf-scan-fruit-ripeness/
91,No DNA evidence at crime scene? Protein analysis comes to the rescue,AdSpecialist6598,794,34,https://newatlas.com/science/hair-proteins-identify-forensics-dna-evidence-crime-proteomic-genotyping/
92,15-minute hep-C test makes same-day treatment possible,AdSpecialist6598,882,13,https://newatlas.com/infectious-diseases/ultrafast-hepatitis-c-test/
93,Scientists find a way to 'reboot' vision in adults with lazy eye,AdSpecialist6598,1072,85,https://newatlas.com/medical/reboot-vision-adults-lazy-eye/
94,Helical rover wheel balloons from 9 to 20 inches & survives fire,AdSpecialist6598,378,11,https://newatlas.com/space/expanding-airless-wheel-fire-damage-resistance/
95,Frog gut bacterium eliminates cancer tumors in mice with a single dose,AdSpecialist6598,3983,210,https://newatlas.com/cancer/frog-reptile-microbes-cancer/
96,Futuristic pixel-raising display lets you feel what’s onscreen,AdSpecialist6598,640,71,https://newatlas.com/technology/optopixels-laser-graphite-screen-touch-feel/
97,ExxonMobil Unveils Graphite Invention To Extend EV Battery Life By 30%,TomStockholm,34,1,https://oilprice.com/Latest-Energy-News/World-News/ExxonMobil-Unveils-Graphite-Invention-To-Extend-EV-Battery-Life-By-30.html
98,Level up your life. Buy your next car online with Autotrader. Delivery options available. Learn More.,autotrader,,0,https://alb.reddit.com/cr?za=pdFoVRUXbZC1FBQvs_W74hO3gemnZj2FbP0dOvhDil0JIVeSGFXyaVcec-v8ayUWOMJthyY94QUydJ7VurNHpGyReAsUwf9xN_PLpAWsYAlb6hTeH3tPpQCWAK9sFHbFafSIwAd7RiOzJ6ET-QK54pYBYE2qmqhQ4RmpseH7qdP-oKIbJOZ6e6McrcRqsH6hItpkRUT3SZY-na7dBMbn_Nr6oWrSxdgdRn9fy_Tz0V871xJ4kPF0jxql_SfoIDxPPyLrc0eq7O6eQNixxNNESEkXb_pHt10v-NqIElWw_GlPHr1uTbw2ybGSkqxfTc--ZyL85yOSRqepxtXbkEL2BNDQNXRJ7Yy30pLmm6oGcIcLyioaXNebPFfolv6AwaSKVg8i1N9qwrRk7MhcMm_ozaO6m7IGkyfiCaJVWdqH4MV2jQCf9IQo2g-RdnQZVLxZXvDnH5rh1DWpI84R2e1zNiEuDl-J9OXc6jGbaTY2Bxca6MEBR0aOHepFN4Z1CuObHk5EjRlvkdXnaBPwK10wCsL-Iq9bzFRUZajbN9_qjlAbTptejmKG0WKaPwrCBSGVQILVAbDvZhPOF2vtK_JAihM1pdm-zGYrcHBT5IoBxJcu8nToNODMpiM2xlTUeUrRvZ68V7Httr9K0j-8smxsicxN4U7IxerjQnMeHmYrF47LFHLgGlixukZkc9HM0PHrJ5msRhmkqWjipEMD-_Atcr0GWvrPjgrbdsBgJmwD8V90pjSd96QjckGXwJ_7jQuya74nD9NyWY_LG0XcvjDsL_mWrKOpKQCFeDSNcUtbgG3KvM_qu_DCLiiSXOv_cS_55w&zp=PWJMH5oGa0pePaT3F9g0pdxFdmhQw4OViwTluvDs61lxGkJPozKq07gGQxu-ikty13yBOtsc12KJ5UQySVxHZbQYqqAYQYSPwfsADYVqt63rYYJtnfVFzXL-OPM1SAcHar33thA5KEgq2df1yemMHdZpqAKyfN0y9qSrL-jaOAbKMbAM-x-VmeUw_LckJlRGl8tw4JY_symlcBKfHzj05Rgw7K-oUBpzNxpBYvVJ0-A5O-KAt6ypZtBO54QpvLGYfIpi4FUhbaXTAcKYywR6yYeb4Cnl5VUOoQB5FHF1QZuE07206r8weono0MZPRJgN0WwutV6I0iRQ7mugT3s2pt_r3EwWcV9OITdSPGuJjml374U3k5bOX_8VhGYHSRQdsWBwSj8EylS7dpizIOWc9BQFfr1ZOO28YP4nFuTF_mvNuRNJ7JWmm5f2RJ0OD5kPdsTr5gRUtLSboUV-Jh4wUkBV-0IqG9wo5_Nshqq2tGa-iiPD54Hr06Z4gWl91-r01EtfOUaED0kLHFI7stW4jum8dAqIHaxw3Zg
99,A new way to deliver antibodies could make treatment much easier for patients,AdSpecialist6598,838,28,https://news.mit.edu/2025/new-way-deliver-antibodies-could-make-treatment-much-easier-1211
100,Radial-flux motors supercharge new hybrid supersonic engine design,AdSpecialist6598,471,21,https://newatlas.com/aircraft/radial-flux-hybrid-electric-supersonic-engine/
